ticker,date,open,high,low,close,volume,SMA_10,SMA_20,EMA_10,EMA_20,Donchian_Upper_20,Donchian_Lower_20,BB_Mid_20,BB_Upper_20,BB_Lower_20,Zscore_20
CSCO,2018-01-01,38.66999816894531,42.97999954223633,38.43000030517578,41.540000915527344,504812100,,,,,,,,,,
CSCO,2018-02-01,41.09000015258789,45.88999938964844,37.34999847412109,44.77999877929688,703752400,,,,,,,,,,
CSCO,2018-03-01,44.68000030517578,46.15999984741211,41.58000183105469,42.88999938964844,597830400,,,,,,,,,,
CSCO,2018-04-01,42.52000045776367,45.34000015258789,40.18999862670898,44.290000915527344,491494900,,,,,,,,,,
CSCO,2018-05-01,43.90999984741211,46.369998931884766,42.52000045776367,42.709999084472656,500681500,,,,,,,,,,
CSCO,2018-06-01,42.90999984741211,44.810001373291016,41.810001373291016,43.02999877929688,463650000,,,,,,,,,,
CSCO,2018-07-01,42.560001373291016,43.83000183105469,40.93999862670898,42.290000915527344,450479900,,,,,,,,,,
CSCO,2018-08-01,41.9900016784668,47.83000183105469,41.20000076293945,47.77000045776367,441384400,,,,,,,,,,
CSCO,2018-09-01,47.84000015258789,49.060001373291016,46.43999862670898,48.650001525878906,365543500,,,,,,,,,,
CSCO,2018-10-01,49.0,49.470001220703125,42.93999862670898,45.75,549746900,44.37000007629395,,44.37000007629395,,,,,,,
CSCO,2018-11-01,45.66999816894531,48.43999862670898,44.08000183105469,47.869998931884766,526861100,45.00299987792969,,45.006363504583184,,,,,,,
CSCO,2018-12-01,48.31999969482422,49.13999938964844,40.25,43.33000183105469,606735800,44.85800018310547,,44.70157047303255,,,,,,,
CSCO,2019-01-01,42.27999877929688,47.380001068115234,40.959999084472656,47.290000915527344,442759300,45.29800033569336,,45.17219418984978,,,,,,,
CSCO,2019-02-01,47.369998931884766,51.959999084472656,46.29999923706055,51.77000045776367,426421600,46.04600028991699,,46.37179532947049,,,,,,,
CSCO,2019-03-01,52.0,54.22999954223633,50.5099983215332,53.9900016784668,432755900,47.1740005493164,,47.756923756560724,,,,,,,
CSCO,2019-04-01,54.47999954223633,57.52999877929688,54.38999938964844,55.95000076293945,349640500,48.46600074768067,,49.24657412135686,,,,,,,
CSCO,2019-05-01,56.0,56.83000183105469,51.060001373291016,52.02999877929688,514801500,49.44000053405762,,49.75265133189141,,,,,,,
CSCO,2019-06-01,52.04999923706055,58.150001525878906,51.4900016784668,54.72999954223633,535897200,50.13600044250488,,50.657623733772304,,,,,,,
CSCO,2019-07-01,55.2599983215332,58.2599983215332,54.22999954223633,55.400001525878906,325942200,50.811000442504884,,51.51987424142805,,,,,,,
CSCO,2019-08-01,55.84000015258789,56.88999938964844,46.0,46.810001373291016,509693100,50.91700057983398,47.643500328063965,50.66353371994859,47.643500328063965,58.2599983215332,37.34999847412109,47.643500328063965,57.197740931597075,38.089259724530855,-0.17447727964161283
CSCO,2019-09-01,46.630001068115234,50.29999923706055,46.20000076293945,49.40999984741211,369072000,51.07100067138672,48.037000274658205,50.4356184703965,47.81173837752569,58.2599983215332,37.34999847412109,48.037000274658205,57.17186881560823,38.90213173370818,0.30060631230739376
CSCO,2019-10-01,49.650001525878906,49.869998931884766,45.54999923706055,47.5099983215332,403870500,51.48900032043457,48.17350025177002,49.90368753423954,47.78300122933593,58.2599983215332,40.18999862670898,48.17350025177002,57.18419200545749,39.162808498082555,-0.14726992075060005
CSCO,2019-11-01,46.84999847412109,48.97999954223633,44.43999862670898,45.310001373291016,437190200,51.29100036621094,48.29450035095215,49.068471868612534,47.547477433522126,58.2599983215332,40.18999862670898,48.29450035095215,57.068338398679856,39.52066230322444,-0.6803177723195093
CSCO,2019-12-01,45.25,48.369998931884766,43.400001525878906,47.959999084472656,424411900,50.910000228881835,48.478000259399415,48.86693136240528,47.586765209803126,58.2599983215332,40.25,48.478000259399415,57.05039835116726,39.90560216763157,-0.12085327101740657
